id,science_name,clade,iucn,coverage,uncertain,sources,lower_names,proper_name,tss,roc,tss_raw,roc_raw
1,ABBREVIATA_BANCROFTI,Nematoda,VU,Fair,Perfect,GBIF,abbreviata_bancrofti,Abbreviata_bancrofti,0.709,0.897,0.709,0.897
2,ABBREVIATA_HASTASPICULA,Nematoda,VU,Weak,Perfect,GBIF,abbreviata_hastaspicula,Abbreviata_hastaspicula,0.52,0.748,0.5198,0.74826875
3,AGLENCHUS_AGRICOLA,Nematoda,VU,Weak,Perfect,GBIF,aglenchus_agricola,Aglenchus_agricola,NA,NA,NA,NA
4,ALAIMUS_PRIMITIVUS,Nematoda,EN,Weak,Perfect,GBIF,alaimus_primitivus,Alaimus_primitivus,NA,NA,NA,NA
5,ALLOCORRIGIA_FILIFORMIS,Trematoda,LC,Weak,Weak,USNPC,allocorrigia_filiformis,Allocorrigia_filiformis,NA,NA,NA,NA
6,ALLOGLOSSIDIUM_CORTI,Trematoda,LC,Fair,Good,GBIF,alloglossidium_corti,Alloglossidium_corti,NA,NA,NA,NA
7,AMALARAEUS_PENICILLIGER,Siphonaptera,EN,Weak,Perfect,GBIF,amalaraeus_penicilliger,Amalaraeus_penicilliger,NA,NA,NA,NA
8,AMBLYOMMA_AMERICANUM,Ixodida,LC,Excellent,Weak,GBIF,amblyomma_americanum,Amblyomma_americanum,NA,NA,NA,NA
9,AMBLYOMMA_ASTRION,Ixodida,VU,Fair,Perfect,Cumming,amblyomma_astrion,Amblyomma_astrion,NA,NA,NA,NA
10,AMBLYOMMA_CAJENNENSE,Ixodida,LC,Good,Good,GBIF,amblyomma_cajennense,Amblyomma_cajennense,NA,NA,NA,NA
11,AMBLYOMMA_COHAERENS,Ixodida,EN,Excellent,Perfect,Cumming,amblyomma_cohaerens,Amblyomma_cohaerens,NA,NA,NA,NA
12,AMBLYOMMA_COMPRESSUM,Ixodida,VU,Fair,Perfect,Cumming,amblyomma_compressum,Amblyomma_compressum,NA,NA,NA,NA
13,AMBLYOMMA_CUNEATUM,Ixodida,LC,Good,Perfect,Cumming,amblyomma_cuneatum,Amblyomma_cuneatum,NA,NA,NA,NA
14,AMBLYOMMA_EBERNEUM,Ixodida,LC,Fair,Perfect,Cumming,amblyomma_eberneum,Amblyomma_eberneum,NA,NA,NA,NA
15,AMBLYOMMA_EXORNATUM,Ixodida,LC,Excellent,Perfect,Cumming,amblyomma_exornatum,Amblyomma_exornatum,NA,NA,NA,NA
16,AMBLYOMMA_FALSOMARMOREUM,Ixodida,LC,Weak,Perfect,Cumming,amblyomma_falsomarmoreum,Amblyomma_falsomarmoreum,NA,NA,NA,NA
17,AMBLYOMMA_FIMBRIATUM,Ixodida,LC,Excellent,Perfect,GBIF,amblyomma_fimbriatum,Amblyomma_fimbriatum,NA,NA,NA,NA
18,AMBLYOMMA_FLAVOMACULATUM,Ixodida,LC,Fair,Perfect,Cumming,amblyomma_flavomaculatum,Amblyomma_flavomaculatum,NA,NA,NA,NA
19,AMBLYOMMA_GEMMA,Ixodida,VU,Excellent,Perfect,Cumming,amblyomma_gemma,Amblyomma_gemma,NA,NA,NA,NA
20,AMBLYOMMA_GEOEMYDAE,Ixodida,LC,Fair,Perfect,GBIF,amblyomma_geoemydae,Amblyomma_geoemydae,NA,NA,NA,NA
21,AMBLYOMMA_HEBRAEUM,Ixodida,EN,Excellent,Perfect,Cumming,amblyomma_hebraeum,Amblyomma_hebraeum,NA,NA,NA,NA
22,AMBLYOMMA_HELVOLUM,Ixodida,LC,Good,Perfect,GBIF,amblyomma_helvolum,Amblyomma_helvolum,NA,NA,NA,NA
23,AMBLYOMMA_JAVANENSE,Ixodida,LC,Fair,Perfect,GBIF,amblyomma_javanense,Amblyomma_javanense,NA,NA,NA,NA
24,AMBLYOMMA_LATUM,Ixodida,VU,Excellent,Perfect,Cumming,amblyomma_latum,Amblyomma_latum,NA,NA,NA,NA
25,AMBLYOMMA_LEPIDUM,Ixodida,LC,Excellent,Perfect,Cumming,amblyomma_lepidum,Amblyomma_lepidum,NA,NA,NA,NA
26,AMBLYOMMA_LIMBATUM,Ixodida,LC,Good,Perfect,GBIF,amblyomma_limbatum,Amblyomma_limbatum,NA,NA,NA,NA
27,AMBLYOMMA_MACULATUM,Ixodida,LC,Good,Fair,GBIF,amblyomma_maculatum,Amblyomma_maculatum,NA,NA,NA,NA
28,AMBLYOMMA_MARMOREUM,Ixodida,EN,Excellent,Perfect,Cumming,amblyomma_marmoreum,Amblyomma_marmoreum,NA,NA,NA,NA
29,AMBLYOMMA_NUTTALLI,Ixodida,LC,Excellent,Perfect,Cumming,amblyomma_nuttalli,Amblyomma_nuttalli,NA,NA,NA,NA
30,AMBLYOMMA_PAULOPUNCTATUM,Ixodida,LC,Fair,Perfect,Cumming,amblyomma_paulopunctatum,Amblyomma_paulopunctatum,NA,NA,NA,NA
31,AMBLYOMMA_POMPOSUM,Ixodida,VU,Excellent,Perfect,Cumming,amblyomma_pomposum,Amblyomma_pomposum,NA,NA,NA,NA
32,AMBLYOMMA_RHINOCEROTIS,Ixodida,VU,Excellent,Perfect,Cumming,amblyomma_rhinocerotis,Amblyomma_rhinocerotis,NA,NA,NA,NA
33,AMBLYOMMA_SPARSUM,Ixodida,VU,Excellent,Perfect,Cumming,amblyomma_sparsum,Amblyomma_sparsum,NA,NA,NA,NA
34,AMBLYOMMA_SPLENDIDUM,Ixodida,LC,Excellent,Perfect,Cumming,amblyomma_splendidum,Amblyomma_splendidum,NA,NA,NA,NA
35,AMBLYOMMA_TESTUDINARIUM,Ixodida,LC,Excellent,Perfect,GBIF,amblyomma_testudinarium,Amblyomma_testudinarium,NA,NA,NA,NA
36,AMBLYOMMA_THOLLONI,Ixodida,VU,Excellent,Perfect,Cumming,amblyomma_tholloni,Amblyomma_tholloni,NA,NA,NA,NA
37,AMBLYOMMA_TRIGUTTATUM,Ixodida,VU,Excellent,Perfect,GBIF,amblyomma_triguttatum,Amblyomma_triguttatum,NA,NA,NA,NA
38,AMBLYOMMA_VARIEGATUM,Ixodida,VU,Excellent,Perfect,Cumming,amblyomma_variegatum,Amblyomma_variegatum,NA,NA,NA,NA
39,ANAPLECTUS_GRANULOSUS,Nematoda,EN,Fair,Perfect,GBIF,anaplectus_granulosus,Anaplectus_granulosus,NA,NA,NA,NA
40,ANCYLOSTOMA_CANINUM,Nematoda,LC,Excellent,Fair,GBIF_USNPC,ancylostoma_caninum,Ancylostoma_caninum,NA,NA,NA,NA
41,ANGIOSTRONGYLUS_CANTONENSIS,Nematoda,VU,Fair,Excellent,GBIF_USNPC,angiostrongylus_cantonensis,Angiostrongylus_cantonensis,NA,NA,NA,NA
42,ANOMIOPSYLLUS_NUDATUS,Siphonaptera,LC,Good,Perfect,Vectormap_GBIF,anomiopsyllus_nudatus,Anomiopsyllus_nudatus,NA,NA,NA,NA
43,ANOPLOCEPHALA_PERFOLIATA,Cestoda,LC,Weak,Fair,USNPC,anoplocephala_perfoliata,Anoplocephala_perfoliata,NA,NA,NA,NA
44,APHELENCHUS_AVENAE,Nematoda,VU,Weak,Perfect,GBIF,aphelenchus_avenae,Aphelenchus_avenae,NA,NA,NA,NA
45,APHELENCHUS_PARIETINUS,Nematoda,CR,Weak,Perfect,GBIF,aphelenchus_parietinus,Aphelenchus_parietinus,NA,NA,NA,NA
46,APLECTANA_ITZOCANENSIS,Nematoda,LC,Weak,Excellent,GBIF_USNPC,aplectana_itzocanensis,Aplectana_itzocanensis,NA,NA,NA,NA
47,APORCELAIMELLUS_OBTUSICAUDATUS,Nematoda,LC,Weak,Perfect,GBIF,aporcelaimellus_obtusicaudatus,Aporcelaimellus_obtusicaudatus,NA,NA,NA,NA
48,ARALICHUS_NOBILIS,Astigmata,VU,Good,Perfect,Feathermites,aralichus_nobilis,Aralichus_nobilis,NA,NA,NA,NA
49,ARCHAEOPSYLLA_ERINACEI,Siphonaptera,LC,Excellent,Perfect,Vectormap_GBIF,archaeopsylla_erinacei,Archaeopsylla_erinacei,NA,NA,NA,NA
50,ARGAS_BRUMPTI,Ixodida,VU,Fair,Perfect,Cumming_GBIF,argas_brumpti,Argas_brumpti,NA,NA,NA,NA
51,ARGAS_CONFUSUS,Ixodida,EN,Fair,Perfect,Cumming,argas_confusus,Argas_confusus,NA,NA,NA,NA
52,ARGAS_PERSICUS,Ixodida,LC,Excellent,Perfect,Cumming_GBIF,argas_persicus,Argas_persicus,NA,NA,NA,NA
53,ARGAS_VESPERTILIONIS,Ixodida,VU,Weak,Perfect,Cumming,argas_vespertilionis,Argas_vespertilionis,NA,NA,NA,NA
54,ARGAS_WALKERAE,Ixodida,VU,Fair,Perfect,Cumming_GBIF,argas_walkerae,Argas_walkerae,NA,NA,NA,NA
55,ARHYTHMORHYNCHUS_BREVIS,Acanthocephala,LC,Weak,Perfect,GBIF,arhythmorhynchus_brevis,Arhythmorhynchus_brevis,NA,NA,NA,NA
56,ASCARIDIA_BONASAE,Nematoda,CR,Fair,Perfect,GBIF,ascaridia_bonasae,Ascaridia_bonasae,NA,NA,NA,NA
57,ASCARIDIA_COLUMBAE,Nematoda,LC,Fair,Fair,GBIF_USNPC,ascaridia_columbae,Ascaridia_columbae,NA,NA,NA,NA
58,ASCARIDIA_GALLI,Nematoda,LC,Fair,Fair,GBIF_USNPC,ascaridia_galli,Ascaridia_galli,NA,NA,NA,NA
59,ASCARIDIA_LINEATA,Nematoda,LC,Fair,Excellent,GBIF_USNPC,ascaridia_lineata,Ascaridia_lineata,NA,NA,NA,NA
60,ASCARIS_LUMBRICOIDES,Nematoda,LC,Good,Excellent,GBIF_USNPC,ascaris_lumbricoides,Ascaris_lumbricoides,NA,NA,NA,NA
61,ASCARIS_SUUM,Nematoda,LC,Fair,Fair,GBIF_USNPC,ascaris_suum,Ascaris_suum,NA,NA,NA,NA
62,ASCOCOTYLE_LONGA,Trematoda,LC,Excellent,Perfect,GBIF,ascocotyle_longa,Ascocotyle_longa,0.942,0.993,0.942,0.993
63,ASCOCOTYLE_TENUICOLLIS,Trematoda,LC,Fair,Perfect,GBIF,ascocotyle_tenuicollis,Ascocotyle_tenuicollis,NA,NA,NA,NA
64,BAYLISASCARIS_PROCYONIS,Nematoda,LC,Fair,Perfect,USNPC,baylisascaris_procyonis,Baylisascaris_procyonis,NA,NA,NA,NA
65,BOTHRIOCEPHALUS_CUSPIDATUS,Cestoda,LC,Fair,Good,USNPC,bothriocephalus_cuspidatus,Bothriocephalus_cuspidatus,NA,NA,NA,NA
66,BOTHRIOCROTON_HYDROSAURI,Ixodida,VU,Fair,Perfect,GBIF,bothriocroton_hydrosauri,Bothriocroton_hydrosauri,NA,NA,NA,NA
67,BRACHYCOELIUM_SALAMANDRAE,Trematoda,LC,Fair,Excellent,GBIF_USNPC,brachycoelium_salamandrae,Brachycoelium_salamandrae,NA,NA,NA,NA
68,BUNOSTOMUM_PHLEBOTOMUM,Nematoda,LC,Weak,Good,GBIF_USNPC,bunostomum_phlebotomum,Bunostomum_phlebotomum,NA,NA,NA,NA
69,BUNOSTOMUM_TRIGONOCEPHALUM,Nematoda,LC,Fair,Good,GBIF_USNPC,bunostomum_trigonocephalum,Bunostomum_trigonocephalum,NA,NA,NA,NA
70,CAMALLANUS_OXYCEPHALUS,Nematoda,LC,Fair,Excellent,GBIF_USNPC,camallanus_oxycephalus,Camallanus_oxycephalus,NA,NA,NA,NA
71,CAPILLARIA_CONTORTA,Nematoda,LC,Good,Fair,GBIF_USNPC,capillaria_contorta,Capillaria_contorta,NA,NA,NA,NA
72,CAPILLARIA_TENUISSIMA,Nematoda,CR,Fair,Perfect,GBIF,capillaria_tenuissima,Capillaria_tenuissima,NA,NA,NA,NA
73,CARIOS_VESPERTILIONIS,Ixodida,VU,Excellent,Perfect,GBIF,carios_vespertilionis,Carios_vespertilionis,NA,NA,NA,NA
74,CENTROCESTUS_FORMOSANUS,Trematoda,LC,Weak,Perfect,GBIF,centrocestus_formosanus,Centrocestus_formosanus,NA,NA,NA,NA
75,CEPHALURIS_COLORADENSIS,Nematoda,EN,Weak,Weak,GBIF_USNPC,cephaluris_coloradensis,Cephaluris_coloradensis,NA,NA,NA,NA
76,CERATOPHYLLUS_FARRENI,Siphonaptera,CR,Weak,Perfect,GBIF,ceratophyllus_farreni,Ceratophyllus_farreni,NA,NA,NA,NA
77,CERATOPHYLLUS_GALLINAE,Siphonaptera,VU,Excellent,Perfect,GBIF,ceratophyllus_gallinae,Ceratophyllus_gallinae,NA,NA,NA,NA
78,CERATOPHYLLUS_GAREI,Siphonaptera,VU,Weak,Perfect,GBIF,ceratophyllus_garei,Ceratophyllus_garei,NA,NA,NA,NA
79,CERATOPHYLLUS_HIRUNDINIS,Siphonaptera,VU,Good,Perfect,GBIF,ceratophyllus_hirundinis,Ceratophyllus_hirundinis,NA,NA,NA,NA
80,CERATOPHYLLUS_STYX,Siphonaptera,EN,Good,Perfect,GBIF,ceratophyllus_styx,Ceratophyllus_styx,NA,NA,NA,NA
81,CHABERTIA_OVINA,Nematoda,LC,Weak,Excellent,GBIF_USNPC,chabertia_ovina,Chabertia_ovina,NA,NA,NA,NA
82,CHAETODACTYLUS_KROMBEINI,Astigmata,LC,Weak,Perfect,BeeMites_GBIF,chaetodactylus_krombeini,Chaetodactylus_krombeini,NA,NA,NA,NA
83,CHAETODACTYLUS_MICHENERI,Astigmata,VU,Good,Perfect,BeeMites,chaetodactylus_micheneri,Chaetodactylus_micheneri,NA,NA,NA,NA
84,CHAETODACTYLUS_SP.,Astigmata,VU,Good,Perfect,BeeMites,chaetodactylus_sp.,Chaetodactylus_sp.,NA,NA,NA,NA
85,CHEILOSPIRURA_HAMULOSA,Nematoda,LC,Weak,Fair,GBIF_USNPC,cheilospirura_hamulosa,Cheilospirura_hamulosa,NA,NA,NA,NA
86,CICHLASOTREMA_UJATI,Trematoda,LC,Fair,Perfect,GBIF,cichlasotrema_ujati,Cichlasotrema_ujati,NA,NA,NA,NA
87,CITELLINEMA_BIFURCATUM,Nematoda,VU,Fair,Fair,GBIF_USNPC,citellinema_bifurcatum,Citellinema_bifurcatum,NA,NA,NA,NA
88,CITTOTAENIA_VARIABILIS,Cestoda,LC,Fair,Weak,USNPC,cittotaenia_variabilis,Cittotaenia_variabilis,NA,NA,NA,NA
89,CLARKUS_PAPILLATUS,Nematoda,EN,Weak,Perfect,GBIF,clarkus_papillatus,Clarkus_papillatus,NA,NA,NA,NA
90,CLINOSTOMUM_COMPLANATUM,Trematoda,LC,Excellent,Excellent,GBIF_USNPC,clinostomum_complanatum,Clinostomum_complanatum,NA,NA,NA,NA
91,CLONORCHIS_SINENSIS,Trematoda,LC,Fair,Weak,GBIF_USNPC,clonorchis_sinensis,Clonorchis_sinensis,NA,NA,NA,NA
92,CONTRACAECUM_MULTIPAPILLATUM,Nematoda,LC,Good,Good,GBIF_USNPC,contracaecum_multipapillatum,Contracaecum_multipapillatum,NA,NA,NA,NA
93,CONTRACAECUM_SPICULIGERUM,Nematoda,LC,Fair,Excellent,GBIF_USNPC,contracaecum_spiculigerum,Contracaecum_spiculigerum,NA,NA,NA,NA
94,COOPERIA_CURTICEI,Nematoda,LC,Weak,Excellent,GBIF_USNPC,cooperia_curticei,Cooperia_curticei,NA,NA,NA,NA
95,COOPERIA_ONCOPHORA,Nematoda,LC,Good,Good,GBIF_USNPC,cooperia_oncophora,Cooperia_oncophora,NA,NA,NA,NA
96,COOPERIA_PUNCTATA,Nematoda,LC,Good,Good,GBIF_USNPC,cooperia_punctata,Cooperia_punctata,NA,NA,NA,NA
97,COOPERIA_SURNABADA,Nematoda,LC,Fair,Excellent,USNPC,cooperia_surnabada,Cooperia_surnabada,NA,NA,NA,NA
98,CORACIACARUS_CUCULI,Astigmata,LC,Fair,Perfect,Feathermites,coraciacarus_cuculi,Coraciacarus_cuculi,NA,NA,NA,NA
99,CORALLOBOTHRIUM_FIMBRIATUM,Cestoda,LC,Good,Excellent,GBIF_USNPC,corallobothrium_fimbriatum,Corallobothrium_fimbriatum,NA,NA,NA,NA
100,CORYNOSOMA_CONSTRICTUM,Acanthocephala,LC,Fair,Good,GBIF_USNPC,corynosoma_constrictum,Corynosoma_constrictum,NA,NA,NA,NA
101,COSMOCERCOIDES_DUKAE,Nematoda,LC,Fair,Weak,GBIF_USNPC,cosmocercoides_dukae,Cosmocercoides_dukae,NA,NA,NA,NA
102,COSMOCERCOIDES_VARIABILIS,Nematoda,LC,Good,Weak,GBIF_USNPC,cosmocercoides_variabilis,Cosmocercoides_variabilis,NA,NA,NA,NA
103,CRASSICUTIS_CICHLASOMAE,Trematoda,LC,Excellent,Perfect,GBIF,crassicutis_cichlasomae,Crassicutis_cichlasomae,NA,NA,NA,NA
104,CREPIDOSTOMUM_COOPERI,Trematoda,LC,Good,Good,GBIF_USNPC,crepidostomum_cooperi,Crepidostomum_cooperi,NA,NA,NA,NA
105,CREPIDOSTOMUM_CORNUTUM,Trematoda,LC,Good,Good,GBIF_USNPC,crepidostomum_cornutum,Crepidostomum_cornutum,NA,NA,NA,NA
106,CREPIDOSTOMUM_FARIONIS,Trematoda,VU,Good,Excellent,GBIF_USNPC,crepidostomum_farionis,Crepidostomum_farionis,NA,NA,NA,NA
107,CRUZIA_TENTACULATA,Nematoda,LC,Fair,Excellent,GBIF_USNPC,cruzia_tentaculata,Cruzia_tentaculata,NA,NA,NA,NA
108,CTENOCEPHALIDES_CANIS,Siphonaptera,VU,Excellent,Perfect,Vectormap_GBIF,ctenocephalides_canis,Ctenocephalides_canis,0.735,0.93,0.735,0.93
109,CTENOCEPHALIDES_FELIS,Siphonaptera,LC,Excellent,Perfect,Vectormap_GBIF,ctenocephalides_felis,Ctenocephalides_felis,0.623,0.874,0.623,0.874
110,CTENOPHTHALMUS_AGYRTES,Siphonaptera,VU,Excellent,Perfect,GBIF,ctenophthalmus_agyrtes,Ctenophthalmus_agyrtes,NA,NA,NA,NA
111,CTENOPHTHALMUS_ASSIMILIS,Siphonaptera,EN,Excellent,Perfect,GBIF,ctenophthalmus_assimilis,Ctenophthalmus_assimilis,NA,NA,NA,NA
112,CTENOPHTHALMUS_BISOCTODENTATUS,Siphonaptera,VU,Weak,Perfect,GBIF,ctenophthalmus_bisoctodentatus,Ctenophthalmus_bisoctodentatus,NA,NA,NA,NA
113,CTENOPHTHALMUS_CONGENER,Siphonaptera,VU,Excellent,Perfect,GBIF,ctenophthalmus_congener,Ctenophthalmus_congener,NA,NA,NA,NA
114,CTENOPHTHALMUS_HAAGI,Siphonaptera,EN,Weak,Perfect,GBIF,ctenophthalmus_haagi,Ctenophthalmus_haagi,NA,NA,NA,NA
115,CTENOPHTHALMUS_NIFETODES,Siphonaptera,VU,Fair,Perfect,GBIF,ctenophthalmus_nifetodes,Ctenophthalmus_nifetodes,NA,NA,NA,NA
116,CTENOPHTHALMUS_NOBILIS,Siphonaptera,EN,Excellent,Perfect,GBIF,ctenophthalmus_nobilis,Ctenophthalmus_nobilis,NA,NA,NA,NA
117,CTENOPHTHALMUS_ORIENTALIS,Siphonaptera,VU,Weak,Perfect,GBIF,ctenophthalmus_orientalis,Ctenophthalmus_orientalis,NA,NA,NA,NA
118,CTENOPHTHALMUS_PSEUDAGYRTES,Siphonaptera,VU,Weak,Perfect,GBIF,ctenophthalmus_pseudagyrtes,Ctenophthalmus_pseudagyrtes,NA,NA,NA,NA
119,CYATHOSTOMUM_CATINATUM,Nematoda,LC,Fair,Fair,GBIF_USNPC,cyathostomum_catinatum,Cyathostomum_catinatum,NA,NA,NA,NA
120,CYLICOCYCLUS_INSIGNE,Nematoda,LC,Weak,Weak,GBIF_USNPC,cylicocyclus_insigne,Cylicocyclus_insigne,NA,NA,NA,NA
121,CYLICOCYCLUS_NASSATUS,Nematoda,LC,Fair,Good,GBIF_USNPC,cylicocyclus_nassatus,Cylicocyclus_nassatus,NA,NA,NA,NA
122,CYLINDROTAENIA_AMERICANA,Cestoda,LC,Weak,Weak,USNPC,cylindrotaenia_americana,Cylindrotaenia_americana,NA,NA,NA,NA
123,DASYPSYLLUS_GALLINULAE,Siphonaptera,VU,Excellent,Perfect,GBIF,dasypsyllus_gallinulae,Dasypsyllus_gallinulae,NA,NA,NA,NA
124,DAVAINEA_CESTICILLUS,Cestoda,VU,Weak,Fair,USNPC,davainea_cesticillus,Davainea_cesticillus,NA,NA,NA,NA
125,DAVAINEA_TETRAGONA,Cestoda,LC,Weak,Fair,USNPC,davainea_tetragona,Davainea_tetragona,NA,NA,NA,NA
126,DERMACENTOR_ALBIPICTUS,Ixodida,LC,Excellent,Excellent,GBIF_USNPC,dermacentor_albipictus,Dermacentor_albipictus,NA,NA,NA,NA
127,DERMACENTOR_ANDERSONI,Ixodida,VU,Excellent,Excellent,GBIF_USNPC,dermacentor_andersoni,Dermacentor_andersoni,NA,NA,NA,NA
128,DERMACENTOR_CIRCUMGUTTATUS,Ixodida,LC,Good,Perfect,Cumming_GBIF,dermacentor_circumguttatus,Dermacentor_circumguttatus,NA,NA,NA,NA
129,DERMACENTOR_NITENS,Ixodida,LC,Fair,Fair,GBIF_USNPC,dermacentor_nitens,Dermacentor_nitens,NA,NA,NA,NA
130,DERMACENTOR_OCCIDENTALIS,Ixodida,LC,Fair,Perfect,GBIF,dermacentor_occidentalis,Dermacentor_occidentalis,NA,NA,NA,NA
131,DERMACENTOR_RETICULATUS,Ixodida,LC,Fair,Perfect,GBIF,dermacentor_reticulatus,Dermacentor_reticulatus,NA,NA,NA,NA
132,DERMACENTOR_RHINOCERINUS,Ixodida,VU,Excellent,Perfect,Cumming |GBIF,dermacentor_rhinocerinus,Dermacentor_rhinocerinus,NA,NA,NA,NA
133,DERMACENTOR_VARIABILIS,Ixodida,VU,Excellent,Excellent,GBIF_USNPC,dermacentor_variabilis,Dermacentor_variabilis,NA,NA,NA,NA
134,DERMATOXYS_VELIGERA,Nematoda,LC,Fair,Excellent,GBIF_USNPC,dermatoxys_veligera,Dermatoxys_veligera,NA,NA,NA,NA
135,DICTYOCAULUS_FILARIA,Nematoda,LC,Weak,Good,GBIF_USNPC,dictyocaulus_filaria,Dictyocaulus_filaria,NA,NA,NA,NA
136,DICTYOCAULUS_VIVIPARUS,Nematoda,LC,Excellent,Fair,GBIF_USNPC,dictyocaulus_viviparus,Dictyocaulus_viviparus,NA,NA,NA,NA
137,DIPETALONEMA_GRACILE,Nematoda,LC,Fair,Good,GBIF_USNPC,dipetalonema_gracile,Dipetalonema_gracile,NA,NA,NA,NA
138,DIPHYLLOBOTHRIUM_LATUM,Cestoda,LC,Fair,Fair,GBIF_USNPC,diphyllobothrium_latum,Diphyllobothrium_latum,NA,NA,NA,NA
139,DIPLOLAIMELLOIDES_OSCHEI,Nematoda,VU,Weak,Perfect,GBIF,diplolaimelloides_oschei,Diplolaimelloides_oschei,NA,NA,NA,NA
140,DIPYLIDIUM_CANINUM,Cestoda,LC,Good,Fair,USNPC,dipylidium_caninum,Dipylidium_caninum,NA,NA,NA,NA
141,DIROFILARIA_IMMITIS,Nematoda,VU,Excellent,Weak,GBIF_USNPC,dirofilaria_immitis,Dirofilaria_immitis,NA,NA,NA,NA
142,DISPHARYNX_SPIRALIS,Nematoda,VU,Fair,Good,GBIF_USNPC,dispharynx_spiralis,Dispharynx_spiralis,NA,NA,NA,NA
143,DORATOPSYLLA_DASYCNEMA,Siphonaptera,VU,Excellent,Perfect,GBIF,doratopsylla_dasycnema,Doratopsylla_dasycnema,NA,NA,NA,NA
144,DORYLAIMUS_CARTERI,Nematoda,EN,Good,Perfect,GBIF,dorylaimus_carteri,Dorylaimus_carteri,NA,NA,NA,NA
145,DORYLAIMUS_FILIFORMIS,Nematoda,EN,Fair,Perfect,GBIF,dorylaimus_filiformis,Dorylaimus_filiformis,NA,NA,NA,NA
146,DORYLAIMUS_STAGNALIS,Nematoda,EN,Fair,Perfect,GBIF,dorylaimus_stagnalis,Dorylaimus_stagnalis,NA,NA,NA,NA
147,DRACUNCULUS_INSIGNIS,Nematoda,LC,Weak,Weak,GBIF_USNPC,dracunculus_insignis,Dracunculus_insignis,NA,NA,NA,NA
148,ECHIDNOPHAGA_GALLINACEA,Siphonaptera,VU,Excellent,Perfect,Vectormap_GBIF,echidnophaga_gallinacea,Echidnophaga_gallinacea,NA,NA,NA,NA
149,ECHINOCOCCUS_GRANULOSUS,Cestoda,LC,Weak,Weak,USNPC,echinococcus_granulosus,Echinococcus_granulosus,NA,NA,NA,NA
150,ECHINORHYNCHUS_GADI,Acanthocephala,LC,Good,Excellent,GBIF_USNPC,echinorhynchus_gadi,Echinorhynchus_gadi,NA,NA,NA,NA
151,ECHINORHYNCHUS_SALMONIS,Acanthocephala,VU,Fair,Good,GBIF_USNPC,echinorhynchus_salmonis,Echinorhynchus_salmonis,NA,NA,NA,NA
152,ECHINOSTOMA_COALITUM,Trematoda,VU,Fair,Fair,GBIF_USNPC,echinostoma_coalitum,Echinostoma_coalitum,NA,NA,NA,NA
153,ECHINOSTOMA_REVOLUTUM,Trematoda,VU,Good,Good,GBIF_USNPC,echinostoma_revolutum,Echinostoma_revolutum,NA,NA,NA,NA
154,ELAEOPHORA_SCHNEIDERI,Nematoda,LC,Fair,Weak,USNPC,elaeophora_schneideri,Elaeophora_schneideri,NA,NA,NA,NA
155,ENCYCLOMETRA_COLUBRIMURORUM,Trematoda,LC,Fair,Good,GBIF_USNPC,encyclometra_colubrimurorum,Encyclometra_colubrimurorum,NA,NA,NA,NA
156,ETHMOLAIMUS_PRATENSIS,Nematoda,EN,Weak,Perfect,GBIF,ethmolaimus_pratensis,Ethmolaimus_pratensis,NA,NA,NA,NA
157,EUGENURIS_SP.,Nematoda,EN,Fair,Weak,USNPC,eugenuris_sp.,Eugenuris_sp.,NA,NA,NA,NA
158,EUPARYPHIUM_INERME,Trematoda,VU,Weak,Excellent,USNPC,euparyphium_inerme,Euparyphium_inerme,NA,NA,NA,NA
159,FALCULIFER_ROSTRATUS,Astigmata,LC,Fair,Perfect,Feathermites_GBIF,falculifer_rostratus,Falculifer_rostratus,NA,NA,NA,NA
160,FASCIOLA_HEPATICA,Trematoda,LC,Excellent,Weak,GBIF_USNPC,fasciola_hepatica,Fasciola_hepatica,NA,NA,NA,NA
161,FASCIOLOIDES_MAGNA,Trematoda,LC,Good,Fair,GBIF_USNPC,fascioloides_magna,Fascioloides_magna,NA,NA,NA,NA
162,GABUCINIA_DELIBATA,Astigmata,LC,Fair,Perfect,Feathermites_GBIF,gabucinia_delibata,Gabucinia_delibata,NA,NA,NA,NA
163,GENARCHELLA_ISABELLAE,Trematoda,LC,Fair,Perfect,GBIF,genarchella_isabellae,Genarchella_isabellae,NA,NA,NA,NA
164,GLYPTHELMIS_QUIETA,Trematoda,LC,Good,Perfect,GBIF_USNPC,glypthelmis_quieta,Glypthelmis_quieta,NA,NA,NA,NA
165,GONGYLONEMA_NEOPLASTICUM,Nematoda,LC,Weak,Fair,GBIF_USNPC,gongylonema_neoplasticum,Gongylonema_neoplasticum,NA,NA,NA,NA
166,GONGYLONEMA_PULCHRUM,Nematoda,LC,Good,Weak,GBIF_USNPC,gongylonema_pulchrum,Gongylonema_pulchrum,NA,NA,NA,NA
167,GONGYLONEMA_SCUTATUM,Nematoda,LC,Weak,Weak,USNPC,gongylonema_scutatum,Gongylonema_scutatum,NA,NA,NA,NA
168,GONGYLONEMA_VERRUCOSUM,Nematoda,LC,Weak,Fair,GBIF_USNPC,gongylonema_verrucosum,Gongylonema_verrucosum,NA,NA,NA,NA
169,GRAPHIDIELLA_OCHOTONAE,Nematoda,EN,Weak,Good,USNPC,graphidiella_ochotonae,Graphidiella_ochotonae,NA,NA,NA,NA
170,HABRONEMA_MUSCAE,Nematoda,LC,Weak,Weak,GBIF_USNPC,habronema_muscae,Habronema_muscae,NA,NA,NA,NA
171,HAEMAPHYSALIS_ACICULIFER,Ixodida,EN,Excellent,Perfect,Cumming |GBIF,haemaphysalis_aciculifer,Haemaphysalis_aciculifer,NA,NA,NA,NA
172,HAEMAPHYSALIS_CORNIGERA,Ixodida,LC,Weak,Perfect,GBIF,haemaphysalis_cornigera,Haemaphysalis_cornigera,NA,NA,NA,NA
173,HAEMAPHYSALIS_HOODI,Ixodida,LC,Good,Perfect,Cumming,haemaphysalis_hoodi,Haemaphysalis_hoodi,NA,NA,NA,NA
174,HAEMAPHYSALIS_HOUYI,Ixodida,LC,Good,Perfect,Cumming_GBIF,haemaphysalis_houyi,Haemaphysalis_houyi,NA,NA,NA,NA
175,HAEMAPHYSALIS_LEACHI,Ixodida,VU,Excellent,Perfect,Cumming_GBIF,haemaphysalis_leachi,Haemaphysalis_leachi,NA,NA,NA,NA
176,HAEMAPHYSALIS_LEPORISPALUSTRIS,Ixodida,LC,Excellent,Excellent,GBIF_USNPC,haemaphysalis_leporispalustris,Haemaphysalis_leporispalustris,NA,NA,NA,NA
177,HAEMAPHYSALIS_MORELI,Ixodida,VU,Good,Perfect,Cumming,haemaphysalis_moreli,Haemaphysalis_moreli,NA,NA,NA,NA
178,HAEMAPHYSALIS_PARALEACHI,Ixodida,VU,Good,Perfect,Cumming,haemaphysalis_paraleachi,Haemaphysalis_paraleachi,NA,NA,NA,NA
179,HAEMAPHYSALIS_PARMATA,Ixodida,VU,Excellent,Perfect,Cumming_GBIF,haemaphysalis_parmata,Haemaphysalis_parmata,NA,NA,NA,NA
180,HAEMAPHYSALIS_PUNCTATA,Ixodida,VU,Fair,Perfect,Cumming_GBIF,haemaphysalis_punctata,Haemaphysalis_punctata,NA,NA,NA,NA
181,HAEMAPHYSALIS_SILACEA,Ixodida,VU,Weak,Perfect,Cumming_GBIF,haemaphysalis_silacea,Haemaphysalis_silacea,NA,NA,NA,NA
182,HAEMAPHYSALIS_SPINULOSA,Ixodida,VU,Excellent,Perfect,Cumming_GBIF,haemaphysalis_spinulosa,Haemaphysalis_spinulosa,NA,NA,NA,NA
183,HAEMATOPINUS_EURYSTERNUS,Phthiraptera,VU,Weak,Fair,GBIF_USNPC,haematopinus_eurysternus,Haematopinus_eurysternus,NA,NA,NA,NA
184,HAEMONCHUS_CONTORTUS,Nematoda,LC,Excellent,Good,GBIF_USNPC,haemonchus_contortus,Haemonchus_contortus,NA,NA,NA,NA
185,HAEMONCHUS_PLACEI,Nematoda,LC,Fair,Weak,USNPC,haemonchus_placei,Haemonchus_placei,NA,NA,NA,NA
186,HELICOTYLENCHUS_DIHYSTERA,Nematoda,VU,Fair,Perfect,GBIF,helicotylenchus_dihystera,Helicotylenchus_dihystera,NA,NA,NA,NA
187,HETERAKIS_GALLINAE,Nematoda,EN,Good,Perfect,GBIF,heterakis_gallinae,Heterakis_gallinae,NA,NA,NA,NA
188,HETERAKIS_PAPILLOSA,Nematoda,LC,Fair,Excellent,GBIF_USNPC,heterakis_papillosa,Heterakis_papillosa,NA,NA,NA,NA
189,HETERAKIS_PERSPICILLUM,Nematoda,VU,Weak,Fair,USNPC,heterakis_perspicillum,Heterakis_perspicillum,NA,NA,NA,NA
190,HETERAKIS_SPUMOSA,Nematoda,LC,Fair,Good,GBIF_USNPC,heterakis_spumosa,Heterakis_spumosa,NA,NA,NA,NA
191,HETEROXYNEMA_CUCULLATUM,Nematoda,VU,Excellent,Perfect,GBIF,heteroxynema_cucullatum,Heteroxynema_cucullatum,NA,NA,NA,NA
192,HEXAGLANDULA_MUTABILIS,Acanthocephala,LC,Weak,Perfect,GBIF,hexaglandula_mutabilis,Hexaglandula_mutabilis,NA,NA,NA,NA
193,HOPLOPLEURA_ARBORICOLA,Phthiraptera,EN,Excellent,Perfect,GBIF,hoplopleura_arboricola,Hoplopleura_arboricola,NA,NA,NA,NA
194,HORSTIA_SP.,Astigmata,LC,Weak,Perfect,BeeMites,horstia_sp.,Horstia_sp.,NA,NA,NA,NA
195,HYALOMMA_AEGYPTIUM,Ixodida,VU,Excellent,Perfect,Cumming_GBIF,hyalomma_aegyptium,Hyalomma_aegyptium,NA,NA,NA,NA
196,HYALOMMA_ALBIPARMATUM,Ixodida,EN,Excellent,Perfect,Cumming,hyalomma_albiparmatum,Hyalomma_albiparmatum,NA,NA,NA,NA
197,HYALOMMA_ANATOLICUM,Ixodida,LC,Excellent,Perfect,Cumming_GBIF,hyalomma_anatolicum,Hyalomma_anatolicum,NA,NA,NA,NA
198,HYALOMMA_DROMEDARII,Ixodida,VU,Excellent,Perfect,Cumming_GBIF,hyalomma_dromedarii,Hyalomma_dromedarii,NA,NA,NA,NA
199,HYALOMMA_IMPELTATUM,Ixodida,VU,Excellent,Perfect,Cumming_GBIF,hyalomma_impeltatum,Hyalomma_impeltatum,NA,NA,NA,NA
200,HYALOMMA_IMPRESSUM,Ixodida,LC,Excellent,Perfect,Cumming,hyalomma_impressum,Hyalomma_impressum,NA,NA,NA,NA
201,HYALOMMA_RUFIPES,Ixodida,VU,Excellent,Perfect,Cumming,hyalomma_rufipes,Hyalomma_rufipes,NA,NA,NA,NA
202,HYALOMMA_TRUNCATUM,Ixodida,VU,Excellent,Perfect,Cumming_GBIF,hyalomma_truncatum,Hyalomma_truncatum,NA,NA,NA,NA
203,HYALOMMA_TURANICUM,Ixodida,LC,Fair,Perfect,GBIF,hyalomma_turanicum,Hyalomma_turanicum,NA,NA,NA,NA
204,HYMENOLEPIS_DIMINUTA,Cestoda,LC,Good,Fair,USNPC,hymenolepis_diminuta,Hymenolepis_diminuta,NA,NA,NA,NA
205,HYPOPI_SP.,Astigmata,LC,Weak,Perfect,BeeMites,hypopi_sp.,Hypopi_sp.,NA,NA,NA,NA
206,HYSTRICHOPSYLLA_ORIENTALIS,Siphonaptera,VU,Good,Perfect,GBIF,hystrichopsylla_orientalis,Hystrichopsylla_orientalis,NA,NA,NA,NA
207,HYSTRICHOPSYLLA_TALPAE,Siphonaptera,VU,Excellent,Perfect,GBIF,hystrichopsylla_talpae,Hystrichopsylla_talpae,NA,NA,NA,NA
208,IRONUS_IGNAVUS,Nematoda,VU,Weak,Perfect,GBIF,ironus_ignavus,Ironus_ignavus,NA,NA,NA,NA
209,ISCHNOPSYLLUS_HEXACTENUS,Siphonaptera,EN,Fair,Perfect,GBIF,ischnopsyllus_hexactenus,Ischnopsyllus_hexactenus,NA,NA,NA,NA
210,ISCHNOPSYLLUS_INTERMEDIUS,Siphonaptera,VU,Weak,Perfect,GBIF,ischnopsyllus_intermedius,Ischnopsyllus_intermedius,NA,NA,NA,NA
211,ISCHNOPSYLLUS_OCTACTENUS,Siphonaptera,EN,Good,Perfect,GBIF,ischnopsyllus_octactenus,Ischnopsyllus_octactenus,NA,NA,NA,NA
212,IXODES_ANGUSTUS,Ixodida,VU,Good,Perfect,GBIF,ixodes_angustus,Ixodes_angustus,NA,NA,NA,NA
213,IXODES_ARAGAOI,Ixodida,EN,Excellent,Perfect,GBIF,ixodes_aragaoi,Ixodes_aragaoi,NA,NA,NA,NA
214,IXODES_ARBORICOLA,Ixodida,VU,Good,Perfect,GBIF,ixodes_arboricola,Ixodes_arboricola,NA,NA,NA,NA
215,IXODES_CAVIPALPUS,Ixodida,EN,Excellent,Perfect,Cumming,ixodes_cavipalpus,Ixodes_cavipalpus,NA,NA,NA,NA
216,IXODES_COOKEI,Ixodida,LC,Weak,Perfect,GBIF,ixodes_cookei,Ixodes_cookei,NA,NA,NA,NA
217,IXODES_CUMULATIMPUNCTATUS,Ixodida,VU,Good,Perfect,Cumming,ixodes_cumulatimpunctatus,Ixodes_cumulatimpunctatus,NA,NA,NA,NA
218,IXODES_FRONTALIS,Ixodida,VU,Good,Perfect,Cumming_GBIF,ixodes_frontalis,Ixodes_frontalis,NA,NA,NA,NA
219,IXODES_HEXAGONUS,Ixodida,VU,Excellent,Perfect,Cumming_GBIF,ixodes_hexagonus,Ixodes_hexagonus,NA,NA,NA,NA
220,IXODES_HOLOCYCLUS,Ixodida,VU,Excellent,Perfect,GBIF,ixodes_holocyclus,Ixodes_holocyclus,NA,NA,NA,NA
221,IXODES_KINGI,Ixodida,VU,Good,Perfect,GBIF,ixodes_kingi,Ixodes_kingi,NA,NA,NA,NA
222,IXODES_LEWISI,Ixodida,EN,Fair,Perfect,Cumming,ixodes_lewisi,Ixodes_lewisi,NA,NA,NA,NA
223,IXODES_LIVIDUS,Ixodida,VU,Good,Perfect,GBIF,ixodes_lividus,Ixodes_lividus,NA,NA,NA,NA
224,IXODES_MUNIENSIS,Ixodida,LC,Fair,Perfect,Cumming_GBIF,ixodes_muniensis,Ixodes_muniensis,NA,NA,NA,NA
225,IXODES_PACIFICUS,Ixodida,LC,Fair,Perfect,GBIF,ixodes_pacificus,Ixodes_pacificus,NA,NA,NA,NA
226,IXODES_PILOSUS,Ixodida,VU,Excellent,Perfect,Cumming_GBIF,ixodes_pilosus,Ixodes_pilosus,NA,NA,NA,NA
227,IXODES_RASUS,Ixodida,LC,Good,Perfect,Cumming_GBIF,ixodes_rasus,Ixodes_rasus,NA,NA,NA,NA
228,IXODES_RUBICUNDUS,Ixodida,EN,Good,Perfect,Cumming_GBIF,ixodes_rubicundus,Ixodes_rubicundus,NA,NA,NA,NA
229,IXODES_SCAPULARIS,Ixodida,LC,Excellent,Excellent,GBIF_USNPC,ixodes_scapularis,Ixodes_scapularis,NA,NA,NA,NA
230,IXODES_SCULPTUS,Ixodida,EN,Excellent,Perfect,GBIF,ixodes_sculptus,Ixodes_sculptus,NA,NA,NA,NA
231,IXODES_SIMPLEX,Ixodida,EN,Weak,Perfect,Cumming_GBIF,ixodes_simplex,Ixodes_simplex,NA,NA,NA,NA
232,IXODES_SPINIPALPIS,Ixodida,LC,Weak,Perfect,GBIF,ixodes_spinipalpis,Ixodes_spinipalpis,NA,NA,NA,NA
233,IXODES_TRIANGULICEPS,Ixodida,VU,Excellent,Perfect,GBIF,ixodes_trianguliceps,Ixodes_trianguliceps,NA,NA,NA,NA
234,JELLISONIA_BONIA,Siphonaptera,VU,Weak,Perfect,GBIF,jellisonia_bonia,Jellisonia_bonia,NA,NA,NA,NA
235,JELLISONIA_GRAYI,Siphonaptera,LC,Weak,Perfect,GBIF,jellisonia_grayi,Jellisonia_grayi,NA,NA,NA,NA
236,JELLISONIA_HAYESI,Siphonaptera,VU,Good,Perfect,GBIF,jellisonia_hayesi,Jellisonia_hayesi,NA,NA,NA,NA
237,JELLISONIA_KLOTSI,Siphonaptera,VU,Weak,Perfect,GBIF,jellisonia_klotsi,Jellisonia_klotsi,NA,NA,NA,NA
238,JELLISONIA_WISEMANI,Siphonaptera,VU,Weak,Perfect,GBIF,jellisonia_wisemani,Jellisonia_wisemani,NA,NA,NA,NA
239,KALICEPHALUS_COSTATUS_INDICUS,Nematoda,LC,Fair,Good,USNPC,kalicephalus_costatus_indicus,Kalicephalus_costatus_indicus,NA,NA,NA,NA
240,KALICEPHALUS_VIPERAE_CHUNGKINGENSIS,Nematoda,LC,Weak,Excellent,USNPC,kalicephalus_viperae_chungkingensis,Kalicephalus_viperae_chungkingensis,NA,NA,NA,NA
241,KOHLSIA_PELAEZI,Siphonaptera,VU,Fair,Perfect,GBIF,kohlsia_pelaezi,Kohlsia_pelaezi,NA,NA,NA,NA
242,LABIOSTOMUM_RAUSCHI,Nematoda,EN,Weak,Weak,USNPC,labiostomum_rauschi,Labiostomum_rauschi,NA,NA,NA,NA
243,LEPTOLAIMUS_PUCCINELLIAE,Nematoda,VU,Weak,Perfect,GBIF,leptolaimus_puccinelliae,Leptolaimus_puccinelliae,NA,NA,NA,NA
244,LEPTOPSYLLA_SEGNIS,Siphonaptera,VU,Excellent,Perfect,GBIF,leptopsylla_segnis,Leptopsylla_segnis,NA,NA,NA,NA
245,LEPTOPSYLLA_TASCHENBERGI,Siphonaptera,EN,Weak,Perfect,GBIF,leptopsylla_taschenbergi,Leptopsylla_taschenbergi,NA,NA,NA,NA
246,LEPTORHYNCHOIDES_THECATUS,Acanthocephala,EN,Excellent,Excellent,GBIF_USNPC,leptorhynchoides_thecatus,Leptorhynchoides_thecatus,NA,NA,NA,NA
247,LIGULA_INTESTINALIS,Cestoda,VU,Good,Excellent,GBIF_USNPC,ligula_intestinalis,Ligula_intestinalis,NA,NA,NA,NA
248,MACRACANTHORHYNCHUS_INGENS,Acanthocephala,LC,Fair,Weak,GBIF_USNPC,macracanthorhynchus_ingens,Macracanthorhynchus_ingens,NA,NA,NA,NA
249,MACROPOSTHONIA_ORNATA,Nematoda,VU,Weak,Perfect,GBIF,macroposthonia_ornata,Macroposthonia_ornata,NA,NA,NA,NA
250,MARGAROPUS_WINTHEMI,Ixodida,EN,Excellent,Perfect,Cumming_GBIF,margaropus_winthemi,Margaropus_winthemi,NA,NA,NA,NA
251,MARSHALLAGIA_MARSHALLI,Nematoda,LC,Weak,Fair,GBIF_USNPC,marshallagia_marshalli,Marshallagia_marshalli,NA,NA,NA,NA
252,MAZAMASTRONGYLUS_ODOCOILEI,Nematoda,EN,Good,Weak,USNPC,mazamastrongylus_odocoilei,Mazamastrongylus_odocoilei,NA,NA,NA,NA
253,MAZAMASTRONGYLUS_PURSGLOVEI,Nematoda,LC,Weak,Weak,USNPC,mazamastrongylus_pursglovei,Mazamastrongylus_pursglovei,NA,NA,NA,NA
254,MEDIORHYNCHUS_GRANDIS,Acanthocephala,LC,Fair,Fair,GBIF_USNPC,mediorhynchus_grandis,Mediorhynchus_grandis,NA,NA,NA,NA
255,MEGABOTHRIS_ABANTIS,Siphonaptera,VU,Good,Perfect,Vectormap_GBIF,megabothris_abantis,Megabothris_abantis,NA,NA,NA,NA
256,MEGABOTHRIS_TURBIDUS,Siphonaptera,EN,Excellent,Perfect,GBIF,megabothris_turbidus,Megabothris_turbidus,NA,NA,NA,NA
257,MEGALODISCUS_TEMPERATUS,Trematoda,LC,Good,Excellent,GBIF_USNPC,megalodiscus_temperatus,Megalodiscus_temperatus,NA,NA,NA,NA
258,MESOCESTOIDES_LINEATUS,Cestoda,VU,Good,Perfect,GBIF,mesocestoides_lineatus,Mesocestoides_lineatus,NA,NA,NA,NA
259,MESOCOELIUM_MONAS,Trematoda,LC,Good,Good,GBIF_USNPC,mesocoelium_monas,Mesocoelium_monas,NA,NA,NA,NA
260,METALINHOMOEUS_PARAFILIFORMIS,Nematoda,VU,Weak,Perfect,GBIF,metalinhomoeus_parafiliformis,Metalinhomoeus_parafiliformis,NA,NA,NA,NA
261,METASTRONGYLUS_ELONGATUS,Nematoda,LC,Weak,Fair,GBIF_USNPC,metastrongylus_elongatus,Metastrongylus_elongatus,NA,NA,NA,NA
262,METROLIASTHES_LUCIDA,Cestoda,LC,Fair,Weak,GBIF_USNPC,metroliasthes_lucida,Metroliasthes_lucida,NA,NA,NA,NA
263,MEXICONEMA_CICHLASOMAE,Nematoda,LC,Weak,Perfect,GBIF,mexiconema_cichlasomae,Mexiconema_cichlasomae,NA,NA,NA,NA
264,MOLINEUS_BARBATUS,Nematoda,VU,Good,Excellent,GBIF_USNPC,molineus_barbatus,Molineus_barbatus,NA,NA,NA,NA
265,MONHYSTERA_FILIFORMIS,Nematoda,CR,Weak,Perfect,GBIF,monhystera_filiformis,Monhystera_filiformis,NA,NA,NA,NA
266,MONIEZIA_BENEDENI,Cestoda,LC,Weak,Fair,USNPC,moniezia_benedeni,Moniezia_benedeni,NA,NA,NA,NA
267,MONIEZIA_EXPANSA,Cestoda,LC,Fair,Weak,USNPC,moniezia_expansa,Moniezia_expansa,NA,NA,NA,NA
268,MONILIFORMIS_MONILIFORMIS,Acanthocephala,LC,Fair,Weak,GBIF_USNPC,moniliformis_moniliformis,Moniliformis_moniliformis,NA,NA,NA,NA
269,MONOPSYLLUS_SCIURORUM,Siphonaptera,VU,Excellent,Perfect,GBIF,monopsyllus_sciurorum,Monopsyllus_sciurorum,NA,NA,NA,NA
270,MYLONCHULUS_BRACHYURIS,Nematoda,VU,Good,Perfect,GBIF,mylonchulus_brachyuris,Mylonchulus_brachyuris,NA,NA,NA,NA
271,MYLONCHULUS_MINOR,Nematoda,LC,Weak,Perfect,GBIF,mylonchulus_minor,Mylonchulus_minor,NA,NA,NA,NA
272,MYLONCHULUS_SIGMATURUS,Nematoda,VU,Weak,Perfect,GBIF,mylonchulus_sigmaturus,Mylonchulus_sigmaturus,NA,NA,NA,NA
273,NEMATODIRUS_ABNORMALIS,Nematoda,LC,Fair,Good,USNPC,nematodirus_abnormalis,Nematodirus_abnormalis,NA,NA,NA,NA
274,NEMATODIRUS_FILICOLLIS,Nematoda,VU,Fair,Weak,GBIF_USNPC,nematodirus_filicollis,Nematodirus_filicollis,NA,NA,NA,NA
275,NEMATODIRUS_HELVETIANUS,Nematoda,EN,Good,Good,USNPC,nematodirus_helvetianus,Nematodirus_helvetianus,NA,NA,NA,NA
276,NEMATODIRUS_SPATHIGER,Nematoda,LC,Good,Good,GBIF_USNPC,nematodirus_spathiger,Nematodirus_spathiger,NA,NA,NA,NA
277,NEOECHINORHYNCHUS_CYLINDRATUS,Acanthocephala,LC,Good,Excellent,GBIF_USNPC,neoechinorhynchus_cylindratus,Neoechinorhynchus_cylindratus,NA,NA,NA,NA
278,NEOECHINORHYNCHUS_GOLVANI,Acanthocephala,LC,Good,Perfect,GBIF,neoechinorhynchus_golvani,Neoechinorhynchus_golvani,NA,NA,NA,NA
279,NEOHAEMATOPINUS_PACIFICUS,Phthiraptera,EN,Excellent,Perfect,GBIF,neohaematopinus_pacificus,Neohaematopinus_pacificus,NA,NA,NA,NA
280,NIPPOSTRONGYLUS_BRASILIENSIS,Nematoda,LC,Good,Good,GBIF_USNPC,nippostrongylus_brasiliensis,Nippostrongylus_brasiliensis,NA,NA,NA,NA
281,NOSOPSYLLUS_FASCIATUS,Siphonaptera,VU,Excellent,Perfect,GBIF,nosopsyllus_fasciatus,Nosopsyllus_fasciatus,NA,NA,NA,NA
282,NOTOCOTYLUS_QUINQUESERIALIS,Trematoda,VU,Good,Fair,USNPC,notocotylus_quinqueserialis,Notocotylus_quinqueserialis,NA,NA,NA,NA
283,OBELISCOIDES_CUNICULI,Nematoda,LC,Good,Excellent,GBIF_USNPC,obeliscoides_cuniculi,Obeliscoides_cuniculi,NA,NA,NA,NA
284,OESOPHAGOSTOMUM_COLUMBIANUM,Nematoda,LC,Good,Good,GBIF_USNPC,oesophagostomum_columbianum,Oesophagostomum_columbianum,NA,NA,NA,NA
285,OESOPHAGOSTOMUM_DENTATUM,Nematoda,LC,Fair,Weak,GBIF_USNPC,oesophagostomum_dentatum,Oesophagostomum_dentatum,NA,NA,NA,NA
286,OESOPHAGOSTOMUM_RADIATUM,Nematoda,LC,Fair,Fair,GBIF_USNPC,oesophagostomum_radiatum,Oesophagostomum_radiatum,NA,NA,NA,NA
287,OESOPHAGOSTOMUM_VENULOSUM,Nematoda,LC,Fair,Fair,GBIF_USNPC,oesophagostomum_venulosum,Oesophagostomum_venulosum,NA,NA,NA,NA
288,OLIGOGONOTYLUS_MANTERI,Trematoda,LC,Excellent,Perfect,GBIF,oligogonotylus_manteri,Oligogonotylus_manteri,NA,NA,NA,NA
289,ONCHOCERCA_CERVIPEDIS,Nematoda,LC,Weak,Weak,GBIF_USNPC,onchocerca_cervipedis,Onchocerca_cervipedis,NA,NA,NA,NA
290,OPHIDASCARIS_ROBERTSI,Nematoda,VU,Fair,Perfect,GBIF,ophidascaris_robertsi,Ophidascaris_robertsi,NA,NA,NA,NA
291,ORCHOPEAS_HOWARDI,Siphonaptera,EN,Weak,Perfect,GBIF,orchopeas_howardi,Orchopeas_howardi,NA,NA,NA,NA
292,ORCHOPEAS_LEUCOPUS,Siphonaptera,LC,Weak,Perfect,GBIF,orchopeas_leucopus,Orchopeas_leucopus,NA,NA,NA,NA
293,ORNITHODOROS_ERRATICUS,Ixodida,LC,Fair,Perfect,Cumming,ornithodoros_erraticus,Ornithodoros_erraticus,NA,NA,NA,NA
294,ORNITHODOROS_MOUBATA,Ixodida,EN,Excellent,Perfect,Cumming_GBIF,ornithodoros_moubata,Ornithodoros_moubata,NA,NA,NA,NA
295,ORNITHODOROS_SAVIGNYI,Ixodida,LC,Excellent,Perfect,Cumming_GBIF,ornithodoros_savignyi,Ornithodoros_savignyi,NA,NA,NA,NA
296,OROPSYLLA_HIRSUTA,Siphonaptera,LC,Excellent,Perfect,Vectormap,oropsylla_hirsuta,Oropsylla_hirsuta,NA,NA,NA,NA
297,OROPSYLLA_MONTANA,Siphonaptera,LC,Excellent,Perfect,Vectormap_GBIF,oropsylla_montana,Oropsylla_montana,NA,NA,NA,NA
298,OROPSYLLA_RUPESTRIS,Siphonaptera,EN,Fair,Perfect,Vectormap_GBIF,oropsylla_rupestris,Oropsylla_rupestris,NA,NA,NA,NA
299,OROPSYLLA_TUBERCULATA,Siphonaptera,VU,Excellent,Perfect,Vectormap,oropsylla_tuberculata,Oropsylla_tuberculata,NA,NA,NA,NA
300,OSTERTAGIA_GRUEHNERI,Nematoda,VU,Weak,Fair,USNPC,ostertagia_gruehneri,Ostertagia_gruehneri,NA,NA,NA,NA
301,OSTERTAGIA_MOSSI,Nematoda,LC,Good,Weak,USNPC,ostertagia_mossi,Ostertagia_mossi,NA,NA,NA,NA
302,OSTERTAGIA_OSTERTAGI,Nematoda,LC,Excellent,Good,GBIF_USNPC,ostertagia_ostertagi,Ostertagia_ostertagi,NA,NA,NA,NA
303,OSWALDOCRUZIA_PIPIENS,Nematoda,LC,Good,Fair,GBIF_USNPC,oswaldocruzia_pipiens,Oswaldocruzia_pipiens,NA,NA,NA,NA
304,OTOBIUS_MEGNINI,Ixodida,VU,Excellent,Perfect,USNPC_Cumming_GBIF,otobius_megnini,Otobius_megnini,NA,NA,NA,NA
305,OXYURIS_EQUI,Nematoda,LC,Fair,Good,GBIF_USNPC,oxyuris_equi,Oxyuris_equi,NA,NA,NA,NA
306,PALAEOPSYLLA_KOHAUTI,Siphonaptera,EN,Weak,Perfect,GBIF,palaeopsylla_kohauti,Palaeopsylla_kohauti,NA,NA,NA,NA
307,PALAEOPSYLLA_SIMILIS,Siphonaptera,VU,Fair,Perfect,GBIF,palaeopsylla_similis,Palaeopsylla_similis,NA,NA,NA,NA
308,PALAEOPSYLLA_SORICIS,Siphonaptera,VU,Excellent,Perfect,GBIF,palaeopsylla_soricis,Palaeopsylla_soricis,NA,NA,NA,NA
309,PANAGROLAIMUS_RIGIDUS,Nematoda,EN,Weak,Perfect,GBIF,panagrolaimus_rigidus,Panagrolaimus_rigidus,NA,NA,NA,NA
310,PARAETHMOLAIMUS_DAHLI,Nematoda,LC,Fair,Perfect,GBIF,paraethmolaimus_dahli,Paraethmolaimus_dahli,NA,NA,NA,NA
311,PARAGONIMUS_KELLICOTTI,Trematoda,LC,Fair,Good,GBIF_USNPC,paragonimus_kellicotti,Paragonimus_kellicotti,NA,NA,NA,NA
312,PARAGONIMUS_WESTERMANII,Trematoda,LC,Weak,Weak,USNPC,paragonimus_westermanii,Paragonimus_westermanii,NA,NA,NA,NA
313,PARAMPHISTOMUM_CERVI,Trematoda,LC,Fair,Fair,GBIF_USNPC,paramphistomum_cervi,Paramphistomum_cervi,NA,NA,NA,NA
314,PARAMPHISTOMUM_LIORCHIS,Trematoda,LC,Weak,Weak,USNPC,paramphistomum_liorchis,Paramphistomum_liorchis,NA,NA,NA,NA
315,PARAMPHISTOMUM_MICROBOTHRIOIDES,Trematoda,LC,Weak,Weak,USNPC,paramphistomum_microbothrioides,Paramphistomum_microbothrioides,NA,NA,NA,NA
316,PARELAPHOSTRONGYLUS_ODOCOILEI,Nematoda,EN,Weak,Weak,USNPC,parelaphostrongylus_odocoilei,Parelaphostrongylus_odocoilei,NA,NA,NA,NA
317,PARELAPHOSTRONGYLUS_TENUIS,Nematoda,LC,Weak,Weak,USNPC,parelaphostrongylus_tenuis,Parelaphostrongylus_tenuis,NA,NA,NA,NA
318,PEROMYSCOPSYLLA_BIDENTATA,Siphonaptera,EN,Weak,Perfect,GBIF,peromyscopsylla_bidentata,Peromyscopsylla_bidentata,NA,NA,NA,NA
319,PEROMYSCOPSYLLA_FALLAX,Siphonaptera,VU,Fair,Perfect,GBIF,peromyscopsylla_fallax,Peromyscopsylla_fallax,NA,NA,NA,NA
320,PHARYNGOSTOMOIDES_PROCYONIS,Trematoda,VU,Good,Perfect,GBIF,pharyngostomoides_procyonis,Pharyngostomoides_procyonis,NA,NA,NA,NA
321,PHILOPTERUS_CINCLI,Phthiraptera,EN,Weak,Perfect,GBIF,philopterus_cincli,Philopterus_cincli,NA,NA,NA,NA
322,PHYSALOPTERA_MAXILLARIS,Nematoda,LC,Good,Good,GBIF_USNPC,physaloptera_maxillaris,Physaloptera_maxillaris,NA,NA,NA,NA
323,PHYSALOPTERA_PRAEPUTIALIS,Nematoda,VU,Good,Weak,GBIF_USNPC,physaloptera_praeputialis,Physaloptera_praeputialis,NA,NA,NA,NA
324,PHYSALOPTERA_RARA,Nematoda,EN,Excellent,Excellent,GBIF_USNPC,physaloptera_rara,Physaloptera_rara,NA,NA,NA,NA
325,PHYSALOPTERA_RETUSA,Nematoda,VU,Good,Good,GBIF_USNPC,physaloptera_retusa,Physaloptera_retusa,NA,NA,NA,NA
326,PHYSOCEPHALUS_SEXALATUS,Nematoda,LC,Fair,Weak,GBIF_USNPC,physocephalus_sexalatus,Physocephalus_sexalatus,NA,NA,NA,NA
327,PLAGIORCHIS_PROXIMUS,Trematoda,LC,Fair,Good,GBIF_USNPC,plagiorchis_proximus,Plagiorchis_proximus,NA,NA,NA,NA
328,PLAGIORCHIS_VESPERTILIONIS,Trematoda,LC,Weak,Perfect,GBIF,plagiorchis_vespertilionis,Plagiorchis_vespertilionis,NA,NA,NA,NA
329,PLAGIORHYNCHUS_FORMOSUS,Acanthocephala,VU,Weak,Good,USNPC,plagiorhynchus_formosus,Plagiorhynchus_formosus,NA,NA,NA,NA
330,PLECTUS_CIRRATUS,Nematoda,EN,Fair,Perfect,GBIF,plectus_cirratus,Plectus_cirratus,NA,NA,NA,NA
331,PLECTUS_COMMUNIS,Nematoda,EN,Fair,Perfect,GBIF,plectus_communis,Plectus_communis,NA,NA,NA,NA
332,PLECTUS_PARVUS,Nematoda,EN,Weak,Perfect,GBIF,plectus_parvus,Plectus_parvus,NA,NA,NA,NA
333,PLEOCHAETIS_MUNDUS,Siphonaptera,VU,Good,Perfect,GBIF,pleochaetis_mundus,Pleochaetis_mundus,NA,NA,NA,NA
334,PLEOCHAETIS_PARAMUNDUS,Siphonaptera,VU,Weak,Perfect,GBIF,pleochaetis_paramundus,Pleochaetis_paramundus,NA,NA,NA,NA
335,PLUSAETIS_MATHESONI,Siphonaptera,EN,Good,Perfect,GBIF,plusaetis_mathesoni,Plusaetis_mathesoni,NA,NA,NA,NA
336,PLUSAETIS_PARUS,Siphonaptera,VU,Fair,Perfect,GBIF,plusaetis_parus,Plusaetis_parus,NA,NA,NA,NA
337,PLUSAETIS_PONSI,Siphonaptera,EN,Weak,Perfect,GBIF,plusaetis_ponsi,Plusaetis_ponsi,NA,NA,NA,NA
338,PLUSAETIS_SIBYNUS,Siphonaptera,EN,Fair,Perfect,GBIF,plusaetis_sibynus,Plusaetis_sibynus,NA,NA,NA,NA
339,PLUSAETIS_SOBERONI,Siphonaptera,VU,Fair,Perfect,GBIF,plusaetis_soberoni,Plusaetis_soberoni,NA,NA,NA,NA
340,POLYGENIS_GWYNI,Siphonaptera,LC,Good,Perfect,Vectormap_GBIF,polygenis_gwyni,Polygenis_gwyni,NA,NA,NA,NA
341,POMPHORHYNCHUS_BULBOCOLLI,Acanthocephala,LC,Good,Good,GBIF_USNPC,pomphorhynchus_bulbocolli,Pomphorhynchus_bulbocolli,NA,NA,NA,NA
342,PROCTOPHYLLODES_PINNATUS,Astigmata,LC,Weak,Perfect,Feathermites_GBIF,proctophyllodes_pinnatus,Proctophyllodes_pinnatus,NA,NA,NA,NA
343,PROCTOPHYLLODES_TRONCATUS,Astigmata,LC,Weak,Perfect,Feathermites_GBIF,proctophyllodes_troncatus,Proctophyllodes_troncatus,NA,NA,NA,NA
344,PROSTHENORCHIS_ELEGANS,Acanthocephala,LC,Weak,Excellent,GBIF_USNPC,prosthenorchis_elegans,Prosthenorchis_elegans,NA,NA,NA,NA
345,PROTEOCEPHALUS_AMBLOPLITIS,Cestoda,LC,Fair,Excellent,GBIF_USNPC,proteocephalus_ambloplitis,Proteocephalus_ambloplitis,NA,NA,NA,NA
346,PULEX_IRRITANS,Siphonaptera,EN,Excellent,Perfect,GBIF,pulex_irritans,Pulex_irritans,NA,NA,NA,NA
347,PULEX_SIMULANS,Siphonaptera,LC,Weak,Perfect,GBIF,pulex_simulans,Pulex_simulans,NA,NA,NA,NA
348,PUNCTODORA_RATZEBURGENSIS,Nematoda,CR,Weak,Perfect,GBIF,punctodora_ratzeburgensis,Punctodora_ratzeburgensis,NA,NA,NA,NA
349,PYGIOPSYLLA_HOPLIA,Siphonaptera,EN,Weak,Perfect,GBIF,pygiopsylla_hoplia,Pygiopsylla_hoplia,NA,NA,NA,NA
350,RAILLIETINA_(SKRJABINIA)_CESTICILLUS,Cestoda,LC,Fair,Weak,USNPC,raillietina_(skrjabinia)_cesticillus,Raillietina_(skrjabinia)_cesticillus,NA,NA,NA,NA
351,RHABDIAS_RANAE,Nematoda,LC,Fair,Fair,GBIF_USNPC,rhabdias_ranae,Rhabdias_ranae,NA,NA,NA,NA
352,RHABDITIS_MARINA,Nematoda,LC,Weak,Perfect,GBIF,rhabditis_marina,Rhabditis_marina,NA,NA,NA,NA
353,RHABDOCHONA_KIDDERI,Nematoda,LC,Good,Perfect,GBIF,rhabdochona_kidderi,Rhabdochona_kidderi,NA,NA,NA,NA
354,RHABDOLAIMUS_TERRESTRIS,Nematoda,EN,Weak,Perfect,GBIF,rhabdolaimus_terrestris,Rhabdolaimus_terrestris,NA,NA,NA,NA
355,RHADINOPSYLLA_INTEGELLA,Siphonaptera,EN,Fair,Perfect,GBIF,rhadinopsylla_integella,Rhadinopsylla_integella,NA,NA,NA,NA
356,RHIPICENTOR_BICORNIS,Ixodida,VU,Fair,Perfect,Cumming,rhipicentor_bicornis,Rhipicentor_bicornis,NA,NA,NA,NA
357,RHIPICENTOR_NUTTALLI,Ixodida,EN,Fair,Perfect,Cumming_GBIF,rhipicentor_nuttalli,Rhipicentor_nuttalli,NA,NA,NA,NA
358,RHIPICEPHALUS_ANNULATUS,Ixodida,LC,Good,Perfect,USNPC_Cumming_GBIF,rhipicephalus_annulatus,Rhipicephalus_annulatus,NA,NA,NA,NA
359,RHIPICEPHALUS_APPENDICULATUS,Ixodida,EN,Excellent,Perfect,Cumming_GBIF,rhipicephalus_appendiculatus,Rhipicephalus_appendiculatus,NA,NA,NA,NA
360,RHIPICEPHALUS_BERGEONI,Ixodida,EN,Good,Perfect,Cumming,rhipicephalus_bergeoni,Rhipicephalus_bergeoni,NA,NA,NA,NA
361,RHIPICEPHALUS_CAPENSIS,Ixodida,VU,Excellent,Perfect,Cumming_GBIF,rhipicephalus_capensis,Rhipicephalus_capensis,NA,NA,NA,NA
362,RHIPICEPHALUS_CARNIVORALIS,Ixodida,EN,Weak,Perfect,Cumming,rhipicephalus_carnivoralis,Rhipicephalus_carnivoralis,NA,NA,NA,NA
363,RHIPICEPHALUS_COMPLANATUS,Ixodida,LC,Good,Perfect,Cumming,rhipicephalus_complanatus,Rhipicephalus_complanatus,NA,NA,NA,NA
364,RHIPICEPHALUS_COMPOSITUS,Ixodida,VU,Excellent,Perfect,Cumming_GBIF,rhipicephalus_compositus,Rhipicephalus_compositus,NA,NA,NA,NA
365,RHIPICEPHALUS_CUSPIDATUS,Ixodida,LC,Good,Perfect,Cumming,rhipicephalus_cuspidatus,Rhipicephalus_cuspidatus,NA,NA,NA,NA
366,RHIPICEPHALUS_DECOLORATUS,Ixodida,EN,Excellent,Perfect,Cumming,rhipicephalus_decoloratus,Rhipicephalus_decoloratus,NA,NA,NA,NA
367,RHIPICEPHALUS_DISTINCTUS,Ixodida,EN,Fair,Perfect,Cumming,rhipicephalus_distinctus,Rhipicephalus_distinctus,NA,NA,NA,NA
368,RHIPICEPHALUS_DUX,Ixodida,LC,Fair,Perfect,Cumming,rhipicephalus_dux,Rhipicephalus_dux,NA,NA,NA,NA
369,RHIPICEPHALUS_EVERTSI,Ixodida,EN,Excellent,Perfect,Cumming,rhipicephalus_evertsi,Rhipicephalus_evertsi,NA,NA,NA,NA
370,RHIPICEPHALUS_EXOPTHALMOS,Ixodida,VU,Good,Perfect,Cumming,rhipicephalus_exopthalmos,Rhipicephalus_exopthalmos,NA,NA,NA,NA
371,RHIPICEPHALUS_GEIGYI,Ixodida,EN,Excellent,Perfect,Cumming,rhipicephalus_geigyi,Rhipicephalus_geigyi,NA,NA,NA,NA
372,RHIPICEPHALUS_GLABROSCUTATUS,Ixodida,LC,Weak,Perfect,Cumming_GBIF,rhipicephalus_glabroscutatus,Rhipicephalus_glabroscutatus,NA,NA,NA,NA
373,RHIPICEPHALUS_GUILHONI,Ixodida,LC,Fair,Perfect,Cumming,rhipicephalus_guilhoni,Rhipicephalus_guilhoni,NA,NA,NA,NA
374,RHIPICEPHALUS_HAEMAPHYSALOIDES,Ixodida,LC,Weak,Perfect,GBIF,rhipicephalus_haemaphysaloides,Rhipicephalus_haemaphysaloides,NA,NA,NA,NA
375,RHIPICEPHALUS_HUMERALIS,Ixodida,VU,Good,Perfect,Cumming_GBIF,rhipicephalus_humeralis,Rhipicephalus_humeralis,NA,NA,NA,NA
376,RHIPICEPHALUS_KOCHI_GROUP,Ixodida,EN,Excellent,Perfect,Cumming,rhipicephalus_kochi_group,Rhipicephalus_kochi_group,NA,NA,NA,NA
377,RHIPICEPHALUS_LONGICOXATUS,Ixodida,LC,Weak,Perfect,Cumming,rhipicephalus_longicoxatus,Rhipicephalus_longicoxatus,NA,NA,NA,NA
378,RHIPICEPHALUS_LONGUS,Ixodida,VU,Excellent,Perfect,Cumming_GBIF,rhipicephalus_longus,Rhipicephalus_longus,NA,NA,NA,NA
379,RHIPICEPHALUS_LUNULATUS,Ixodida,VU,Excellent,Perfect,Cumming,rhipicephalus_lunulatus,Rhipicephalus_lunulatus,NA,NA,NA,NA
380,RHIPICEPHALUS_MACULATUS,Ixodida,VU,Excellent,Perfect,Cumming_GBIF,rhipicephalus_maculatus,Rhipicephalus_maculatus,NA,NA,NA,NA
381,RHIPICEPHALUS_MASSEYI,Ixodida,VU,Weak,Perfect,Cumming_GBIF,rhipicephalus_masseyi,Rhipicephalus_masseyi,NA,NA,NA,NA
382,RHIPICEPHALUS_MICROPLUS,Ixodida,EN,Excellent,Perfect,Cumming_GBIF_USNPC,rhipicephalus_microplus,Rhipicephalus_microplus,NA,NA,NA,NA
383,RHIPICEPHALUS_MUEHLENSI,Ixodida,VU,Excellent,Perfect,Cumming_GBIF,rhipicephalus_muehlensi,Rhipicephalus_muehlensi,NA,NA,NA,NA
384,RHIPICEPHALUS_MUHSAMAE,Ixodida,LC,Good,Perfect,Cumming,rhipicephalus_muhsamae,Rhipicephalus_muhsamae,NA,NA,NA,NA
385,RHIPICEPHALUS_NITENS,Ixodida,LC,Good,Perfect,Cumming,rhipicephalus_nitens,Rhipicephalus_nitens,NA,NA,NA,NA
386,RHIPICEPHALUS_OCULATUS,Ixodida,VU,Good,Perfect,Cumming_GBIF,rhipicephalus_oculatus,Rhipicephalus_oculatus,NA,NA,NA,NA
387,RHIPICEPHALUS_PILANS,Ixodida,LC,Good,Perfect,GBIF,rhipicephalus_pilans,Rhipicephalus_pilans,NA,NA,NA,NA
388,RHIPICEPHALUS_PLANUS_,Ixodida,VU,Good,Perfect,Cumming,rhipicephalus_planus_,Rhipicephalus_planus_,NA,NA,NA,NA
389,RHIPICEPHALUS_PRAETEXTATUS,Ixodida,EN,Good,Perfect,Cumming,rhipicephalus_praetextatus,Rhipicephalus_praetextatus,NA,NA,NA,NA
390,RHIPICEPHALUS_PRAVUS,Ixodida,VU,Excellent,Perfect,Cumming_GBIF,rhipicephalus_pravus,Rhipicephalus_pravus,NA,NA,NA,NA
391,RHIPICEPHALUS_PULCHELLUS,Ixodida,VU,Excellent,Perfect,Cumming_GBIF,rhipicephalus_pulchellus,Rhipicephalus_pulchellus,NA,NA,NA,NA
392,RHIPICEPHALUS_PUNCTATUS,Ixodida,EN,Excellent,Perfect,Cumming,rhipicephalus_punctatus,Rhipicephalus_punctatus,NA,NA,NA,NA
393,RHIPICEPHALUS_SANGUINEUS,Ixodida,VU,Excellent,Excellent,Cumming_GBIF_USNPC,rhipicephalus_sanguineus,Rhipicephalus_sanguineus,NA,NA,NA,NA
394,RHIPICEPHALUS_SENEGALENSIS,Ixodida,LC,Excellent,Perfect,Cumming_GBIF,rhipicephalus_senegalensis,Rhipicephalus_senegalensis,NA,NA,NA,NA
395,RHIPICEPHALUS_SIMPSONI,Ixodida,LC,Fair,Perfect,Cumming_GBIF,rhipicephalus_simpsoni,Rhipicephalus_simpsoni,NA,NA,NA,NA
396,RHIPICEPHALUS_SIMUS,Ixodida,EN,Excellent,Perfect,Cumming_GBIF,rhipicephalus_simus,Rhipicephalus_simus,NA,NA,NA,NA
397,RHIPICEPHALUS_SULCATUS,Ixodida,VU,Excellent,Perfect,Cumming_GBIF,rhipicephalus_sulcatus,Rhipicephalus_sulcatus,NA,NA,NA,NA
398,RHIPICEPHALUS_SUPERTRITUS,Ixodida,EN,Good,Perfect,Cumming_GBIF,rhipicephalus_supertritus,Rhipicephalus_supertritus,NA,NA,NA,NA
399,RHIPICEPHALUS_TRICUSPIS,Ixodida,EN,Excellent,Perfect,Cumming_GBIF,rhipicephalus_tricuspis,Rhipicephalus_tricuspis,NA,NA,NA,NA
400,RHIPICEPHALUS_TURANICUS,Ixodida,VU,Good,Perfect,Cumming_GBIF,rhipicephalus_turanicus,Rhipicephalus_turanicus,NA,NA,NA,NA
401,RHIPICEPHALUS_ZAMBEZIENSIS,Ixodida,VU,Excellent,Perfect,Cumming,rhipicephalus_zambeziensis,Rhipicephalus_zambeziensis,NA,NA,NA,NA
402,RHIPICEPHALUS_ZIEMANNI,Ixodida,LC,Good,Perfect,Cumming,rhipicephalus_ziemanni,Rhipicephalus_ziemanni,NA,NA,NA,NA
403,RHOPALIAS_MACRACANTHUS,Trematoda,VU,Fair,Perfect,GBIF,rhopalias_macracanthus,Rhopalias_macracanthus,NA,NA,NA,NA
404,SARCOPTES_SCABIEI,Astigmata,LC,Fair,Excellent,GBIF_USNPC,sarcoptes_scabiei,Sarcoptes_scabiei,NA,NA,NA,NA
405,SCHISTOSOMA_HAEMATOBIUM,Trematoda,VU,Excellent,Perfect,GBIF,schistosoma_haematobium,Schistosoma_haematobium,NA,NA,NA,NA
406,SCHISTOSOMA_MANSONI,Trematoda,CR,Good,Perfect,GBIF,schistosoma_mansoni,Schistosoma_mansoni,NA,NA,NA,NA
407,SENNERTIA_SP.,Astigmata,VU,Fair,Perfect,BeeMites,sennertia_sp.,Sennertia_sp.,NA,NA,NA,NA
408,SENNERTIONYX_SP.,Astigmata,LC,Weak,Perfect,BeeMites,sennertionyx_sp.,Sennertionyx_sp.,NA,NA,NA,NA
409,SETARIA_EQUINA,Nematoda,LC,Fair,Fair,GBIF_USNPC,setaria_equina,Setaria_equina,NA,NA,NA,NA
410,SETARIA_LABIATOPAPILLOSA,Nematoda,LC,Good,Weak,GBIF_USNPC,setaria_labiatopapillosa,Setaria_labiatopapillosa,NA,NA,NA,NA
411,SETARIA_YEHI,Nematoda,LC,Fair,Good,USNPC,setaria_yehi,Setaria_yehi,NA,NA,NA,NA
412,SOBOLIPHYME_BATURINI,Nematoda,EN,Fair,Perfect,GBIF,soboliphyme_baturini,Soboliphyme_baturini,NA,NA,NA,NA
413,SPAULIGODON_GIGANTICUS,Nematoda,VU,Weak,Fair,USNPC,spauligodon_giganticus,Spauligodon_giganticus,NA,NA,NA,NA
414,SPILOPSYLLUS_CUNICULI,Siphonaptera,VU,Excellent,Perfect,GBIF,spilopsyllus_cuniculi,Spilopsyllus_cuniculi,NA,NA,NA,NA
415,SPIROCAMALLANUS_REBECAE,Nematoda,LC,Weak,Perfect,GBIF,spirocamallanus_rebecae,Spirocamallanus_rebecae,NA,NA,NA,NA
416,STICHORCHIS_SUBTRIQUETRUS,Trematoda,EN,Fair,Perfect,GBIF,stichorchis_subtriquetrus,Stichorchis_subtriquetrus,NA,NA,NA,NA
417,STRIGEA_FALCONIS,Trematoda,LC,Weak,Perfect,GBIF,strigea_falconis,Strigea_falconis,NA,NA,NA,NA
418,STRONGYLURIS_BREVICAUDATA,Nematoda,VU,Weak,Excellent,USNPC,strongyluris_brevicaudata,Strongyluris_brevicaudata,NA,NA,NA,NA
419,STRONGYLUS_EDENTATUS,Nematoda,LC,Good,Fair,GBIF_USNPC,strongylus_edentatus,Strongylus_edentatus,NA,NA,NA,NA
420,STRONGYLUS_EQUINUS,Nematoda,LC,Good,Weak,GBIF_USNPC,strongylus_equinus,Strongylus_equinus,NA,NA,NA,NA
421,STRONGYLUS_VULGARIS,Nematoda,LC,Good,Fair,GBIF_USNPC,strongylus_vulgaris,Strongylus_vulgaris,NA,NA,NA,NA
422,SYNGAMUS_TRACHEA,Nematoda,LC,Fair,Good,GBIF_USNPC,syngamus_trachea,Syngamus_trachea,NA,NA,NA,NA
423,SYPHACIA_EUTAMII,Nematoda,EN,Fair,Perfect,GBIF,syphacia_eutamii,Syphacia_eutamii,NA,NA,NA,NA
424,SYPHACIA_OBVELATA,Nematoda,LC,Fair,Excellent,GBIF_USNPC,syphacia_obvelata,Syphacia_obvelata,NA,NA,NA,NA
425,TABASCOTREMA_VERAI,Trematoda,LC,Weak,Perfect,GBIF,tabascotrema_verai,Tabascotrema_verai,NA,NA,NA,NA
426,TAENIA_HYDATIGENA,Cestoda,VU,Excellent,Good,USNPC,taenia_hydatigena,Taenia_hydatigena,NA,NA,NA,NA
427,TAENIA_PISIFORMIS,Cestoda,LC,Excellent,Fair,USNPC,taenia_pisiformis,Taenia_pisiformis,NA,NA,NA,NA
428,TAENIA_SAGINATA,Cestoda,LC,Excellent,Fair,USNPC,taenia_saginata,Taenia_saginata,NA,NA,NA,NA
429,TAENIA_SERIALIS,Cestoda,LC,Fair,Fair,USNPC,taenia_serialis,Taenia_serialis,NA,NA,NA,NA
430,TAENIA_SOLIUM_,Cestoda,LC,Fair,Perfect,USNPC,taenia_solium_,Taenia_solium_,NA,NA,NA,NA
431,TAENIA_TAENIAEFORMIS,Cestoda,VU,Excellent,Excellent,USNPC,taenia_taeniaeformis,Taenia_taeniaeformis,NA,NA,NA,NA
432,TELADORSAGIA_CIRCUMCINCTA,Nematoda,LC,Good,Perfect,GBIF_USNPC,teladorsagia_circumcincta,Teladorsagia_circumcincta,NA,NA,NA,NA
433,TERATOCEPHALUS_TERRESTRIS,Na,NA,Fair,Perfect,GBIF,teratocephalus_terrestris,Teratocephalus_terrestris,NA,NA,NA,NA
434,THRASSIS_BACCHI,Siphonaptera,LC,Weak,Perfect,Vectormap_GBIF,thrassis_bacchi,Thrassis_bacchi,NA,NA,NA,NA
435,THRASSIS_BACCHI_BACCHI,Siphonaptera,LC,Fair,Perfect,Vectormap,thrassis_bacchi_bacchi,Thrassis_bacchi_bacchi,NA,NA,NA,NA
436,THRASSIS_BACCHI_GLADIOLIS,Siphonaptera,LC,Weak,Perfect,Vectormap,thrassis_bacchi_gladiolis,Thrassis_bacchi_gladiolis,NA,NA,NA,NA
437,THYSANOSOMA_ACTINIOIDES,Cestoda,LC,Good,Weak,USNPC,thysanosoma_actinioides,Thysanosoma_actinioides,NA,NA,NA,NA
438,TOBRILUS_GRACILIS,Nematoda,EN,Weak,Perfect,GBIF,tobrilus_gracilis,Tobrilus_gracilis,NA,NA,NA,NA
439,TORTONIA_SP.,Astigmata,VU,Good,Perfect,BeeMites,tortonia_sp.,Tortonia_sp.,NA,NA,NA,NA
440,TOXASCARIS_LEONINA,Nematoda,VU,Excellent,Excellent,GBIF_USNPC,toxascaris_leonina,Toxascaris_leonina,NA,NA,NA,NA
441,TOXOCARA_CANIS,Nematoda,VU,Good,Excellent,GBIF_USNPC,toxocara_canis,Toxocara_canis,NA,NA,NA,NA
442,TOXOCARA_CATI,Nematoda,LC,Good,Good,GBIF_USNPC,toxocara_cati,Toxocara_cati,NA,NA,NA,NA
443,TOXOCARA_MYSTAX,Nematoda,LC,Good,Excellent,GBIF_USNPC,toxocara_mystax,Toxocara_mystax,NA,NA,NA,NA
444,TRAVASSOSIUS_AMERICANUS,Nematoda,CR,Fair,Perfect,GBIF,travassosius_americanus,Travassosius_americanus,NA,NA,NA,NA
445,TRICHINELLA_SPIRALIS,Nematoda,LC,Weak,Weak,GBIF_USNPC,trichinella_spiralis,Trichinella_spiralis,NA,NA,NA,NA
446,TRICHODECTES_ERMINEAE,Phthiraptera,EN,Good,Perfect,GBIF,trichodectes_ermineae,Trichodectes_ermineae,NA,NA,NA,NA
447,TRICHOSTRONGYLUS_AXEI,Nematoda,LC,Good,Fair,GBIF_USNPC,trichostrongylus_axei,Trichostrongylus_axei,NA,NA,NA,NA
448,TRICHOSTRONGYLUS_CALCARATUS,Nematoda,LC,Fair,Good,GBIF_USNPC,trichostrongylus_calcaratus,Trichostrongylus_calcaratus,NA,NA,NA,NA
449,TRICHOSTRONGYLUS_COLUBRIFORMIS,Nematoda,VU,Good,Excellent,GBIF_USNPC,trichostrongylus_colubriformis,Trichostrongylus_colubriformis,NA,NA,NA,NA
450,TRICHURIS_OVIS,Nematoda,LC,Good,Good,GBIF_USNPC,trichuris_ovis,Trichuris_ovis,NA,NA,NA,NA
451,TURGIDA_TURGIDA,Nematoda,LC,Good,Perfect,GBIF_USNPC,turgida_turgida,Turgida_turgida,NA,NA,NA,NA
452,TYROPHAGUS_PUTRESCENTIAE,Astigmata,LC,Fair,Perfect,BeeMites_GBIF,tyrophagus_putrescentiae,Tyrophagus_putrescentiae,NA,NA,NA,NA
453,TYROPHAGUS_SIMILIS,Astigmata,LC,Weak,Perfect,GBIF,tyrophagus_similis,Tyrophagus_similis,NA,NA,NA,NA
454,VIDIA_SP.,Astigmata,LC,Weak,Perfect,BeeMites,vidia_sp.,Vidia_sp.,NA,NA,NA,NA
455,XENOPSYLLA_CHEOPIS,Siphonaptera,VU,Excellent,Perfect,Vectormap_GBIF,xenopsylla_cheopis,Xenopsylla_cheopis,NA,NA,NA,NA
456,XIPHINEMA_ELONGATUM,Nematoda,LC,Weak,Perfect,GBIF,xiphinema_elongatum,Xiphinema_elongatum,NA,NA,NA,NA
457,XIPHINEMA_RADICICOLA,Nematoda,VU,Weak,Perfect,GBIF,xiphinema_radicicola,Xiphinema_radicicola,NA,NA,NA,NA
458,ZYGOCOTYLE_LUNATA,Trematoda,LC,Good,Good,GBIF_USNPC,zygocotyle_lunata,Zygocotyle_lunata,0.623,0.874,0.623,0.874